horizon,lead,lagging,lag,rho,edge_bp,cost_bp_at_1.5x,pays,qualifies
1h,EURCHF,USDCHF,12,0.076791,0.94897,2.29661,False,False
1h,USDCHF,EURCHF,12,0.073996,0.74627,2.20943,False,False
1h,EURCHF,USDCHF,6,-0.073656,0.91022,2.29661,False,False
1h,USDCHF,EURCHF,6,-0.067254,0.67828,2.20943,False,False
1h,EURCHF,USDCHF,1,-0.060222,0.74421,2.29661,False,False
1h,USDCHF,EURCHF,1,-0.051565,0.52005,2.20943,False,False
1h,EURCHF,USDCHF,7,0.04578,0.56574,2.29661,False,False
1h,USDCHF,EURCHF,7,0.034941,0.35239,2.20943,False,False
1h,EURCHF,USDCAD,3,0.031591,0.30575,1.89748,False,False
1h,GBPJPY,EURGBP,6,0.028774,0.29094,2.30898,False,False
1h,GBPJPY,EURJPY,5,-0.028363,0.33912,1.43792,False,False
1h,USDCHF,EURCHF,10,0.027892,0.2813,2.20943,False,False
1h,EURJPY,GBPJPY,5,-0.027184,0.39511,2.23965,False,False
1h,USDCHF,USDCAD,3,0.026895,0.2603,1.89748,False,False
1h,EURCHF,USDCHF,10,0.026598,0.3287,2.29661,False,False
1h,GBPJPY,GBPUSD,5,-0.025627,0.31181,1.63781,False,False
1h,GBPUSD,GBPJPY,5,-0.023284,0.33842,2.23965,False,False
1h,AUDUSD,EURCHF,9,-0.022826,0.2302,2.20943,False,False
1h,EURCHF,NZDUSD,3,-0.022662,0.3196,3.44412,False,False
1h,GBPJPY,GBPUSD,6,-0.021898,0.26644,1.63781,False,False
1h,EURJPY,EURGBP,12,-0.021537,0.21776,2.30898,False,False
1h,EURJPY,GBPUSD,5,-0.020967,0.25512,1.63781,False,False
1h,USDJPY,EURGBP,6,0.020501,0.20729,2.30898,False,False
1h,EURGBP,GBPUSD,6,0.020273,0.24667,1.63781,False,False
1h,EURCHF,USDCHF,2,0.020235,0.25006,2.29661,False,False
1h,AUDJPY,EURCHF,9,-0.020039,0.2021,2.20943,False,False
1h,EURGBP,GBPJPY,6,0.019962,0.29015,2.23965,False,False
1h,GBPUSD,EURJPY,5,-0.019747,0.2361,1.43792,False,False
1h,EURCHF,AUDUSD,3,-0.019531,0.26824,2.9453,False,False
1h,EURUSD,GBPJPY,12,0.018919,0.27497,2.23965,False,False
1h,GBPUSD,USDJPY,12,0.018748,0.21496,1.09233,False,False
1h,EURCHF,AUDJPY,3,-0.018142,0.28188,1.95793,False,False
1h,GBPUSD,EURGBP,4,-0.018035,0.18235,2.30898,False,False
1h,NZDUSD,USDCAD,12,0.017864,0.17289,1.89748,False,False
1h,EURCHF,USDCHF,5,-0.017539,0.21674,2.29661,False,False
1h,AUDUSD,EURGBP,4,-0.017501,0.17696,2.30898,False,False
1h,EURJPY,GBPJPY,1,0.017434,0.25339,2.23965,False,False
1h,EURUSD,EURGBP,12,-0.017306,0.17498,2.30898,False,False
1h,USDJPY,GBPJPY,5,-0.017154,0.24933,2.23965,False,False
1h,AUDJPY,EURGBP,4,-0.017057,0.17247,2.30898,False,False
1h,GBPUSD,GBPJPY,12,0.017055,0.24789,2.23965,False,False
1h,USDCHF,AUDJPY,3,-0.016996,0.26407,1.95793,False,False
1h,GBPJPY,EURGBP,12,-0.016914,0.17102,2.30898,False,False
1h,GBPJPY,EURGBP,4,-0.016907,0.17095,2.30898,False,False
1h,GBPJPY,AUDJPY,5,-0.016884,0.26233,1.95793,False,False
1h,EURJPY,AUDJPY,5,-0.016842,0.26168,1.95793,False,False
1h,EURJPY,EURGBP,1,-0.016734,0.1692,2.30898,False,False
1h,GBPJPY,EURUSD,5,-0.016613,0.17149,0.98815,False,False
1h,EURCHF,EURGBP,5,0.016388,0.16571,2.30898,False,False
1h,AUDJPY,GBPJPY,1,0.016136,0.23453,2.23965,False,False
1h,NZDUSD,AUDUSD,12,-0.016112,0.22127,2.9453,False,False
1h,AUDJPY,EURCHF,5,-0.016112,0.16249,2.20943,False,False
1h,EURJPY,EURGBP,6,0.015973,0.16151,2.30898,False,False
1h,AUDJPY,EURJPY,5,-0.015919,0.19033,1.43792,False,False
1h,EURJPY,GBPUSD,1,0.015872,0.19312,1.63781,False,False
1h,USDCHF,USDJPY,2,0.015535,0.17812,1.09233,False,False
1h,EURGBP,GBPJPY,5,0.015528,0.2257,2.23965,False,False
1h,GBPJPY,EURJPY,1,0.015426,0.18444,1.43792,False,False
1h,AUDJPY,EURGBP,6,0.015068,0.15235,2.30898,False,False
1h,EURCHF,EURJPY,7,-0.015052,0.17996,1.43792,False,False
1h,USDJPY,EURJPY,5,-0.015038,0.17979,1.43792,False,False
1h,USDJPY,GBPJPY,1,0.014994,0.21793,2.23965,False,False
1h,EURJPY,EURGBP,4,-0.014933,0.15099,2.30898,False,False
1h,EURUSD,USDJPY,12,0.014879,0.1706,1.09233,False,False
1h,USDCHF,EURCHF,2,0.014862,0.14989,2.20943,False,False
1h,GBPUSD,EURGBP,6,0.014791,0.14956,2.30898,False,False
1h,EURUSD,EURGBP,4,-0.014768,0.14932,2.30898,False,False
1h,USDJPY,GBPJPY,6,-0.014728,0.21407,2.23965,False,False
1h,EURCHF,USDCAD,4,-0.014631,0.1416,1.89748,False,False
1h,GBPJPY,USDJPY,5,-0.014627,0.16771,1.09233,False,False
1h,EURCHF,EURUSD,3,-0.014595,0.15066,0.98815,False,False
1h,AUDUSD,USDJPY,12,0.014532,0.16662,1.09233,False,False
1h,USDJPY,AUDJPY,5,-0.014455,0.2246,1.95793,False,False
1h,USDCHF,NZDUSD,3,-0.014423,0.20341,3.44412,False,False
1h,EURJPY,EURCHF,5,-0.014351,0.14473,2.20943,False,False
1h,USDCHF,AUDUSD,3,-0.014309,0.19651,2.9453,False,False
1h,GBPJPY,USDCHF,12,0.014246,0.17605,2.29661,False,False
1h,EURJPY,EURUSD,5,-0.014221,0.14679,0.98815,False,False
1h,AUDJPY,EURGBP,1,-0.014161,0.14318,2.30898,False,False
1h,AUDJPY,AUDUSD,1,-0.014107,0.19374,2.9453,False,False
1h,NZDUSD,USDJPY,12,0.013908,0.15947,1.09233,False,False
1h,USDJPY,GBPUSD,5,-0.013888,0.16898,1.63781,False,False
1h,AUDJPY,USDCAD,12,0.013755,0.13312,1.89748,False,False
1h,AUDJPY,GBPJPY,5,-0.013742,0.19973,2.23965,False,False
1h,EURJPY,GBPJPY,8,0.013718,0.19938,2.23965,False,False
1h,GBPJPY,EURCHF,1,0.013716,0.13833,2.20943,False,False
1h,EURCHF,EURJPY,3,-0.013645,0.16314,1.43792,False,False
1h,EURGBP,EURJPY,1,-0.013492,0.16131,1.43792,False,False
1h,GBPUSD,GBPJPY,6,-0.013478,0.1959,2.23965,False,False
1h,GBPJPY,EURGBP,5,0.013477,0.13627,2.30898,False,False
1h,USDJPY,GBPUSD,6,-0.013384,0.16284,1.63781,False,False
1h,AUDJPY,NZDUSD,12,-0.013325,0.18793,3.44412,False,False
1h,EURCHF,USDJPY,2,0.013307,0.15257,1.09233,False,False
1h,AUDUSD,AUDJPY,1,-0.013129,0.20399,1.95793,False,False
1h,EURGBP,USDCAD,2,0.012977,0.1256,1.89748,False,False
1h,NZDUSD,EURGBP,4,-0.012967,0.13111,2.30898,False,False
1h,EURCHF,EURJPY,1,0.012941,0.15472,1.43792,False,False
1h,GBPUSD,EURGBP,12,-0.01294,0.13084,2.30898,False,False
1h,EURCHF,EURUSD,6,0.01293,0.13346,0.98815,False,False
1h,AUDJPY,EURCHF,1,0.012907,0.13017,2.20943,False,False
1h,AUDUSD,USDCAD,12,0.01285,0.12436,1.89748,False,False
1h,EURUSD,EURJPY,11,-0.012836,0.15347,1.43792,False,False
1h,EURJPY,EURGBP,8,-0.012798,0.1294,2.30898,False,False
1h,GBPJPY,EURCHF,5,-0.012742,0.12851,2.20943,False,False
1h,USDCHF,EURGBP,1,0.012716,0.12857,2.30898,False,False
1h,EURGBP,EURJPY,5,0.012702,0.15187,1.43792,False,False
1h,USDCAD,USDJPY,12,-0.012649,0.14503,1.09233,False,False
1h,AUDJPY,GBPUSD,1,0.012591,0.1532,1.63781,False,False
1h,EURGBP,GBPUSD,5,0.01251,0.15221,1.63781,False,False
1h,EURCHF,EURUSD,7,-0.0125,0.12903,0.98815,False,False
1h,AUDJPY,GBPJPY,8,0.01243,0.18066,2.23965,False,False
1h,USDJPY,GBPUSD,1,0.012415,0.15105,1.63781,False,False
1h,AUDUSD,NZDUSD,1,-0.012393,0.17477,3.44412,False,False
1h,EURJPY,USDJPY,5,-0.012292,0.14094,1.09233,False,False
1h,EURJPY,GBPJPY,12,0.012282,0.17852,2.23965,False,False
1h,USDCHF,EURJPY,1,0.012261,0.14659,1.43792,False,False
1h,USDCHF,USDCAD,4,-0.012177,0.11786,1.89748,False,False
1h,AUDJPY,NZDUSD,1,-0.012092,0.17053,3.44412,False,False
1h,AUDJPY,EURCHF,4,-0.012055,0.12158,2.20943,False,False
1h,EURUSD,GBPUSD,7,-0.012051,0.14663,1.63781,False,False
1h,EURUSD,GBPJPY,5,-0.012015,0.17464,2.23965,False,False
1h,AUDUSD,GBPUSD,4,0.012012,0.14616,1.63781,False,False
1h,EURCHF,USDJPY,4,-0.011778,0.13504,1.09233,False,False
1h,USDCAD,GBPJPY,1,-0.011727,0.17044,2.23965,False,False
1h,GBPUSD,EURGBP,1,0.011682,0.11812,2.30898,False,False
4h,USDCHF,EURCHF,7,0.09479,1.8332,2.32497,False,False
4h,EURCHF,USDCHF,1,-0.077655,1.85819,2.38481,False,False
4h,EURCHF,USDCHF,2,0.069603,1.66551,2.38481,False,False
4h,USDCHF,EURCHF,1,-0.064614,1.2496,2.32497,False,False
4h,EURCHF,USDCHF,7,0.060317,1.44331,2.38481,False,False
4h,USDCHF,EURCHF,2,0.052026,1.00616,2.32497,False,False
4h,GBPJPY,EURJPY,1,-0.048367,1.16322,1.52909,False,False
4h,AUDJPY,EURCHF,10,0.042186,0.81587,2.32497,False,False
4h,USDCHF,EURCHF,3,0.042075,0.81372,2.32497,False,False
4h,EURJPY,EURCHF,10,0.041057,0.79402,2.32497,False,False
4h,EURCHF,EURUSD,8,-0.039156,0.80656,1.00943,False,False
4h,USDCAD,GBPUSD,5,-0.038123,0.92279,1.69655,False,False
4h,USDJPY,NZDUSD,10,-0.037125,1.01529,3.54177,False,False
4h,GBPJPY,EURCHF,10,0.037054,0.7166,2.32497,False,False
4h,USDJPY,EURCHF,10,0.035663,0.68972,2.32497,False,False
4h,AUDJPY,EURJPY,1,-0.034825,0.83753,1.52909,False,False
4h,EURCHF,USDCHF,3,0.034176,0.81779,2.38481,False,False
4h,GBPUSD,EURJPY,1,-0.033406,0.80341,1.52909,False,False
4h,USDJPY,GBPUSD,12,0.033253,0.80491,1.69655,False,False
4h,USDCAD,USDCHF,11,0.033184,0.79405,2.38481,False,False
4h,USDCHF,EURCHF,8,-0.032651,0.63145,2.32497,False,False
4h,USDJPY,USDCHF,10,0.032438,0.7762,2.38481,False,False
4h,GBPUSD,EURGBP,12,0.030698,0.60775,2.41279,False,False
4h,NZDUSD,AUDUSD,6,-0.030433,0.81356,3.01132,False,False
4h,GBPUSD,EURUSD,1,-0.030305,0.62425,1.00943,False,False
4h,AUDJPY,EURCHF,1,-0.030187,0.58381,2.32497,False,False
4h,GBPJPY,EURUSD,1,-0.03009,0.61983,1.00943,False,False
4h,USDCAD,USDCHF,5,0.030061,0.71932,2.38481,False,False
4h,USDCHF,NZDUSD,12,0.029826,0.81567,3.54177,False,False
4h,AUDUSD,USDCHF,5,-0.029561,0.70736,2.38481,False,False
4h,EURJPY,GBPJPY,1,-0.02954,0.8648,2.35079,False,False
4h,EURJPY,EURUSD,1,-0.029105,0.59953,1.00943,False,False
4h,EURUSD,EURGBP,12,0.028972,0.57357,2.41279,False,False
4h,AUDUSD,EURGBP,1,-0.028856,0.57127,2.41279,False,False
4h,USDCAD,EURUSD,5,-0.028772,0.59268,1.00943,False,False
4h,EURCHF,EURUSD,7,0.02866,0.59036,1.00943,False,False
4h,EURUSD,EURGBP,9,-0.02817,0.55769,2.41279,False,False
4h,NZDUSD,GBPUSD,5,0.02814,0.68115,1.69655,False,False
4h,USDCHF,GBPUSD,12,0.02809,0.67993,1.69655,False,False
4h,USDCHF,AUDUSD,12,0.02783,0.74397,3.01132,False,False
1d,USDCAD,USDCHF,1,0.083994,4.97834,2.37564,True,True
1d,EURCHF,EURUSD,5,0.104483,5.10822,0.99802,True,False
1d,USDCHF,EURUSD,5,0.083678,4.09104,0.99802,True,False
1d,USDCHF,EURCHF,7,-0.080077,3.98495,2.29257,True,False
1d,USDCAD,EURUSD,1,-0.073117,3.57472,0.99802,True,False
1d,USDCAD,GBPUSD,1,-0.071305,4.16409,1.64909,True,False
1d,GBPJPY,AUDUSD,8,-0.070565,4.48751,2.96589,True,False
1d,EURCHF,USDCHF,2,-0.069325,4.10889,2.37564,True,False
1d,EURUSD,NZDUSD,4,0.068257,4.48612,3.49234,True,False
1d,GBPUSD,AUDUSD,6,-0.067169,4.27155,2.96589,True,False
1d,USDCHF,NZDUSD,3,0.065747,4.32113,3.49234,True,False
1d,EURJPY,EURGBP,10,-0.064799,3.10057,2.35259,True,False
1d,USDCHF,EURUSD,6,0.063932,3.12567,0.99802,True,False
1d,AUDJPY,AUDUSD,8,-0.062988,4.00569,2.96589,True,False
1d,EURJPY,EURGBP,4,-0.062592,2.99498,2.35259,True,False
1d,GBPJPY,AUDJPY,8,-0.061944,4.4646,2.06765,True,False
1d,USDCHF,EURCHF,2,-0.061794,3.07515,2.29257,True,False
1d,NZDUSD,GBPJPY,12,-0.061495,4.26851,2.32688,True,False
1d,EURCHF,EURGBP,5,0.059619,2.85275,2.35259,True,False
1d,GBPUSD,USDJPY,12,-0.059517,3.34133,1.13462,True,False
1d,USDJPY,AUDUSD,8,-0.059137,3.76077,2.96589,True,False
1d,USDCAD,EURJPY,4,0.05909,3.35186,1.46256,True,False
1d,EURCHF,USDCHF,7,-0.057853,3.42894,2.37564,True,False
1d,EURJPY,AUDJPY,8,-0.057709,4.15939,2.06765,True,False
1d,NZDUSD,EURJPY,12,-0.05769,3.27246,1.46256,True,False
1d,USDCHF,AUDUSD,5,0.056422,3.58814,2.96589,True,False
1d,USDCAD,EURGBP,3,-0.056236,2.69086,2.35259,True,False
1d,EURJPY,AUDUSD,8,-0.05618,3.57272,2.96589,True,False
1d,USDCHF,USDCAD,3,-0.055454,2.51566,1.91662,True,False
1d,USDCAD,USDJPY,11,-0.055189,3.09837,1.13462,True,False
1d,GBPJPY,EURCHF,11,-0.054725,2.72335,2.29257,True,False
1d,USDCAD,USDJPY,4,0.053873,3.02451,1.13462,True,False
1d,GBPJPY,USDJPY,6,0.053171,2.98507,1.13462,True,False
1d,GBPUSD,EURJPY,12,-0.053116,3.013,1.46256,True,False
1d,EURCHF,EURJPY,5,0.052977,3.00512,1.46256,True,False
1d,USDJPY,AUDJPY,8,-0.05166,3.72341,2.06765,True,False
1d,NZDUSD,EURGBP,11,0.05101,2.4408,2.35259,True,False
1d,EURJPY,USDJPY,6,0.051001,2.86325,1.13462,True,False
1d,USDCHF,NZDUSD,5,0.050935,3.34765,3.49234,False,False
1d,EURCHF,NZDUSD,9,0.050317,3.30704,3.49234,False,False
1d,AUDUSD,EURJPY,11,0.050291,2.85276,1.46256,True,False
1d,USDCHF,AUDUSD,6,0.050141,3.18869,2.96589,True,False
1d,AUDUSD,USDCHF,1,-0.049609,2.94035,2.37564,True,False
1d,EURCHF,USDCAD,4,-0.049511,2.24609,1.91662,True,False
1d,USDJPY,GBPUSD,10,0.049389,2.88422,1.64909,True,False
1d,EURUSD,EURJPY,10,-0.048878,2.77257,1.46256,True,False
1d,AUDUSD,USDCHF,9,0.048726,2.888,2.37564,True,False
1d,GBPUSD,USDJPY,6,0.048725,2.73548,1.13462,True,False
1d,EURJPY,GBPUSD,4,0.048495,2.83199,1.64909,True,False
1d,AUDUSD,USDJPY,4,-0.048478,2.72159,1.13462,True,False
1d,USDJPY,EURCHF,12,0.047818,2.37961,2.29257,True,False
1d,EURCHF,USDCAD,3,-0.047628,2.16062,1.91662,True,False
1d,AUDJPY,GBPJPY,2,0.047398,3.28998,2.32688,True,False
1d,USDCAD,EURJPY,11,-0.047048,2.66876,1.46256,True,False
1d,EURUSD,EURJPY,12,-0.046958,2.6637,1.46256,True,False
1d,EURUSD,USDJPY,12,-0.046749,2.62451,1.13462,True,False
1d,EURCHF,EURJPY,7,-0.04636,2.62977,1.46256,True,False
1d,USDJPY,EURCHF,11,-0.046267,2.30246,2.29257,True,False
1d,USDCHF,EURJPY,5,0.04624,2.62297,1.46256,True,False
1d,EURGBP,AUDJPY,4,0.046122,3.32423,2.06765,True,False
1d,EURGBP,USDCHF,9,-0.046109,2.7329,2.37564,True,False
1d,AUDJPY,GBPUSD,4,0.045627,2.66455,1.64909,True,False
1d,EURCHF,EURJPY,11,0.045602,2.58676,1.46256,True,False
1d,GBPUSD,GBPJPY,12,-0.045519,3.15959,2.32688,True,False
1d,GBPUSD,USDCHF,1,-0.045435,2.69297,2.37564,True,False
1d,GBPUSD,USDCHF,9,0.045351,2.68796,2.37564,True,False
1d,EURGBP,GBPJPY,11,0.04521,3.13812,2.32688,True,False
1d,EURGBP,EURJPY,1,-0.044966,2.55067,1.46256,True,False
1d,GBPUSD,EURUSD,6,-0.044328,2.16722,0.99802,True,False
1d,EURCHF,USDCHF,9,-0.044318,2.62674,2.37564,True,False
1d,EURGBP,AUDJPY,2,-0.0442,3.18569,2.06765,True,False
1d,USDCAD,AUDJPY,2,-0.044165,3.18318,2.06765,True,False
1d,EURJPY,GBPJPY,6,0.043854,3.04398,2.32688,True,False
1d,USDJPY,AUDJPY,12,0.043846,3.16022,2.06765,True,False
1d,GBPUSD,USDCAD,6,0.043815,1.98769,1.91662,True,False
1d,EURUSD,EURJPY,11,0.043777,2.48325,1.46256,True,False
1d,NZDUSD,GBPUSD,11,-0.043367,2.53257,1.64909,True,False
1d,EURGBP,GBPJPY,1,-0.043185,2.9976,2.32688,True,False
1d,USDJPY,EURJPY,11,-0.042779,2.42665,1.46256,True,False
1d,EURGBP,EURJPY,2,-0.042723,2.42344,1.46256,True,False
1d,EURUSD,USDJPY,6,0.042305,2.37504,1.13462,True,False
1d,NZDUSD,USDJPY,12,-0.041918,2.35333,1.13462,True,False
1d,AUDUSD,USDJPY,11,0.041781,2.34562,1.13462,True,False
1d,NZDUSD,USDJPY,11,0.041758,2.34434,1.13462,True,False
1d,AUDJPY,GBPUSD,11,-0.041421,2.41891,1.64909,True,False
1d,EURCHF,EURUSD,7,-0.041024,2.00569,0.99802,True,False
1d,AUDJPY,GBPJPY,6,0.040852,2.83562,2.32688,True,False
1d,USDCHF,USDJPY,4,0.040846,2.29311,1.13462,True,False
1d,USDCAD,GBPUSD,8,-0.040612,2.37168,1.64909,True,False
1d,GBPJPY,GBPUSD,11,-0.040521,2.36636,1.64909,True,False
1d,EURCHF,EURJPY,10,-0.040342,2.2884,1.46256,True,False
1d,EURCHF,EURUSD,9,0.040232,1.96695,0.99802,True,False
1d,AUDJPY,EURUSD,3,0.040108,1.96088,0.99802,True,False
1d,NZDUSD,AUDJPY,1,-0.040097,2.89002,2.06765,True,False
1d,NZDUSD,EURJPY,11,0.039821,2.25881,1.46256,True,False
1d,EURGBP,GBPJPY,2,-0.039655,2.75252,2.32688,True,False
1d,EURUSD,AUDJPY,1,-0.039581,2.85277,2.06765,True,False
1d,EURGBP,GBPJPY,4,0.039499,2.74169,2.32688,True,False
1d,EURCHF,EURUSD,11,0.039416,1.92708,0.99802,True,False
1d,USDJPY,GBPJPY,4,0.039353,2.73162,2.32688,True,False
1d,EURUSD,AUDJPY,7,-0.03901,2.81164,2.06765,True,False
1d,EURJPY,GBPUSD,10,0.038986,2.27673,1.64909,True,False
1d,EURCHF,GBPUSD,5,0.038836,2.26797,1.64909,True,False
1d,EURGBP,EURJPY,10,-0.038754,2.19831,1.46256,True,False
1d,EURCHF,EURJPY,6,0.038681,2.19419,1.46256,True,False
1d,USDJPY,AUDJPY,6,0.038633,2.7845,2.06765,True,False
1d,EURGBP,USDJPY,9,-0.038552,2.16435,1.13462,True,False
1d,USDCAD,GBPUSD,11,0.038521,2.24954,1.64909,True,False
1d,AUDUSD,EURUSD,9,-0.038414,1.87806,0.99802,True,False
1d,GBPUSD,AUDJPY,12,-0.038295,2.76013,2.06765,True,False
1d,USDJPY,EURJPY,12,0.038161,2.16467,1.46256,True,False
1d,USDCAD,GBPJPY,2,-0.038123,2.64623,2.32688,True,False
1d,USDCAD,USDJPY,1,0.038114,2.13975,1.13462,True,False
1d,GBPUSD,USDJPY,4,-0.038076,2.13765,1.13462,True,False
1d,USDCHF,EURJPY,6,0.037987,2.15479,1.46256,True,False
1d,AUDJPY,EURUSD,1,0.037919,1.85389,0.99802,True,False
1d,NZDUSD,GBPUSD,7,-0.037818,2.20852,1.64909,True,False
1d,GBPUSD,AUDJPY,2,0.037723,2.71892,2.06765,True,False
1d,AUDJPY,USDJPY,3,-0.037542,2.10766,1.13462,True,False
1d,EURUSD,USDJPY,11,0.037497,2.10513,1.13462,True,False
1d,EURCHF,USDJPY,5,-0.037486,2.10451,1.13462,True,False
1d,EURJPY,GBPJPY,4,0.037376,2.59436,2.32688,True,False
1d,NZDUSD,USDJPY,4,-0.037277,2.09275,1.13462,True,False
1d,USDCHF,GBPUSD,5,0.037198,2.17228,1.64909,True,False
1d,EURJPY,AUDJPY,7,-0.037192,2.68058,2.06765,True,False
1d,USDCAD,USDJPY,12,0.03718,2.08733,1.13462,True,False
1d,EURJPY,GBPJPY,3,-0.036944,2.56438,2.32688,True,False
1d,USDCAD,GBPJPY,4,0.036781,2.55306,2.32688,True,False
1d,NZDUSD,USDJPY,6,0.036745,2.0629,1.13462,True,False
1d,GBPJPY,GBPUSD,1,0.036487,2.13078,1.64909,True,False
1d,EURJPY,USDJPY,1,-0.036325,2.03932,1.13462,True,False
1d,EURGBP,USDJPY,1,-0.036109,2.02719,1.13462,True,False
1d,GBPUSD,AUDJPY,7,-0.03605,2.5983,2.06765,True,False
1d,EURJPY,AUDJPY,3,-0.036047,2.59808,2.06765,True,False
1d,AUDUSD,EURUSD,1,0.035935,1.75688,0.99802,True,False
1d,EURCHF,GBPJPY,7,-0.035888,2.49108,2.32688,True,False
1d,NZDUSD,EURJPY,4,-0.035126,1.99249,1.46256,True,False
1d,GBPUSD,AUDJPY,9,0.035075,2.528,2.06765,True,False
1d,AUDUSD,GBPJPY,2,0.034981,2.42814,2.32688,True,False
1d,EURUSD,AUDJPY,12,-0.034825,2.51002,2.06765,True,False
1d,USDCAD,EURJPY,12,0.034539,1.95921,1.46256,True,False
1d,AUDUSD,AUDJPY,1,-0.034504,2.48687,2.06765,True,False
1d,NZDUSD,GBPJPY,4,-0.03448,2.39334,2.32688,True,False
1d,AUDUSD,EURJPY,4,-0.03442,1.95246,1.46256,True,False
1d,EURGBP,EURJPY,11,0.034398,1.95123,1.46256,True,False
1d,EURUSD,GBPJPY,12,-0.03433,2.38293,2.32688,True,False
1d,USDCAD,GBPJPY,12,0.034294,2.38043,2.32688,True,False
1d,EURGBP,EURUSD,10,-0.034251,1.67456,0.99802,True,False
1d,USDJPY,GBPJPY,11,-0.03417,2.3718,2.32688,True,False
1d,USDJPY,GBPJPY,6,0.034097,2.36678,2.32688,True,False
1d,GBPUSD,GBPJPY,4,-0.033962,2.35736,2.32688,True,False
1d,NZDUSD,GBPUSD,12,-0.033758,1.97138,1.64909,True,False
1d,EURGBP,AUDJPY,1,-0.033378,2.4057,2.06765,True,False
1d,GBPJPY,AUDJPY,7,-0.033332,2.40242,2.06765,True,False
1d,EURJPY,AUDJPY,6,0.033257,2.39697,2.06765,True,False
1d,EURCHF,EURJPY,12,-0.033244,1.88575,1.46256,True,False
1d,AUDJPY,USDJPY,6,0.03319,1.86334,1.13462,True,False
1d,GBPJPY,AUDJPY,2,0.032871,2.36918,2.06765,True,False
1d,GBPUSD,AUDJPY,5,-0.03283,2.36622,2.06765,True,False
1d,EURCHF,GBPUSD,9,0.032779,1.91425,1.64909,True,False
1d,USDCHF,EURUSD,9,0.032619,1.59475,0.99802,True,False
1d,EURJPY,EURUSD,6,-0.032612,1.59442,0.99802,True,False
1d,AUDUSD,GBPUSD,7,-0.032577,1.90243,1.64909,True,False
1d,NZDUSD,EURUSD,6,-0.032548,1.59131,0.99802,True,False
1d,AUDJPY,USDJPY,2,0.032457,1.82216,1.13462,True,False
1d,AUDUSD,USDJPY,2,0.032252,1.81068,1.13462,True,False
1d,EURCHF,GBPUSD,7,-0.032198,1.88032,1.64909,True,False
1d,USDCHF,EURJPY,9,0.031948,1.81226,1.46256,True,False
1d,USDCHF,AUDJPY,6,0.031681,2.28341,2.06765,True,False
1d,EURCHF,AUDJPY,6,0.031547,2.27372,2.06765,True,False
1d,GBPUSD,EURJPY,4,-0.031487,1.78608,1.46256,True,False
1d,EURJPY,GBPUSD,1,0.031477,1.83821,1.64909,True,False
1d,GBPUSD,EURUSD,7,-0.03106,1.51852,0.99802,True,False
1d,EURUSD,USDJPY,1,-0.030847,1.73176,1.13462,True,False
1d,GBPJPY,EURJPY,6,0.03055,1.73296,1.46256,True,False
1d,AUDUSD,GBPUSD,11,-0.030081,1.75665,1.64909,True,False
1d,GBPJPY,EURJPY,2,0.029985,1.70091,1.46256,True,False
1d,USDCHF,AUDJPY,5,0.029807,2.14837,2.06765,True,False
1d,EURGBP,GBPUSD,4,0.029471,1.72106,1.64909,True,False
1d,EURCHF,AUDJPY,4,0.029343,2.11488,2.06765,True,False
1d,EURGBP,AUDJPY,9,-0.029266,2.10935,2.06765,True,False
1d,NZDUSD,AUDJPY,12,-0.028907,2.0835,2.06765,True,False
1d,NZDUSD,GBPUSD,8,0.0288,1.68186,1.64909,True,False
1d,AUDJPY,GBPUSD,1,0.028625,1.67165,1.64909,True,False
1d,AUDJPY,USDJPY,1,-0.028592,1.6052,1.13462,True,False
1d,USDJPY,GBPUSD,4,0.02849,1.66378,1.64909,True,False
1d,EURGBP,USDJPY,2,-0.02839,1.59385,1.13462,True,False
1d,GBPJPY,GBPUSD,10,0.028312,1.65337,1.64909,True,False
1d,USDCAD,USDJPY,2,-0.028274,1.58731,1.13462,True,False
1d,GBPJPY,EURJPY,11,-0.028239,1.60182,1.46256,True,False
1d,AUDUSD,EURJPY,10,-0.028028,1.58988,1.46256,True,False
1d,EURGBP,USDJPY,11,0.028025,1.57333,1.13462,True,False
1d,NZDUSD,EURJPY,2,0.027614,1.56637,1.46256,True,False
1d,USDCAD,EURUSD,10,-0.027588,1.34879,0.99802,True,False
1d,EURCHF,EURJPY,9,0.027363,1.55213,1.46256,True,False
1d,EURUSD,USDJPY,4,-0.027322,1.53391,1.13462,True,False
1d,USDJPY,EURJPY,6,0.027303,1.54873,1.46256,True,False
1d,AUDJPY,USDJPY,4,-0.027283,1.53171,1.13462,True,False
1d,GBPUSD,EURJPY,7,-0.027082,1.53622,1.46256,True,False
1d,NZDUSD,EURUSD,7,-0.027056,1.32277,0.99802,True,False
1d,AUDUSD,USDJPY,12,-0.026738,1.50109,1.13462,True,False
1d,AUDJPY,USDJPY,10,-0.026643,1.49574,1.13462,True,False
1d,USDCAD,EURUSD,6,0.026246,1.28318,0.99802,True,False
1d,USDCHF,EURUSD,11,0.026243,1.28303,0.99802,True,False
1d,USDCHF,USDJPY,5,-0.026137,1.46737,1.13462,True,False
1d,AUDJPY,EURJPY,2,0.025999,1.47481,1.46256,True,False
1d,NZDUSD,USDJPY,3,-0.025967,1.45782,1.13462,True,False
1d,USDCAD,EURUSD,3,-0.025593,1.25126,0.99802,True,False
1d,EURJPY,USDJPY,3,-0.025547,1.43426,1.13462,True,False
1d,GBPJPY,EURUSD,6,-0.025467,1.2451,0.99802,True,False
1d,EURGBP,USDJPY,12,0.025423,1.42725,1.13462,True,False
1d,NZDUSD,USDJPY,10,-0.024987,1.40279,1.13462,True,False
1d,USDCAD,USDJPY,8,0.024977,1.40222,1.13462,True,False
1d,USDJPY,EURUSD,10,0.024944,1.2195,0.99802,True,False
1d,NZDUSD,EURUSD,5,-0.02484,1.21446,0.99802,True,False
1d,USDJPY,EURUSD,3,0.024743,1.2097,0.99802,True,False
1d,EURCHF,USDJPY,10,-0.024719,1.38773,1.13462,True,False
1d,AUDUSD,USDJPY,9,0.024695,1.38641,1.13462,True,False
1d,USDCAD,USDJPY,6,-0.024379,1.36864,1.13462,True,False
1d,AUDUSD,USDJPY,1,-0.024349,1.367,1.13462,True,False
1d,GBPJPY,USDJPY,12,-0.024145,1.35554,1.13462,True,False
1d,USDCHF,EURUSD,4,-0.023884,1.16769,0.99802,True,False
1d,USDCHF,EURUSD,3,0.023868,1.16691,0.99802,True,False
1d,AUDUSD,EURUSD,3,0.0236,1.15379,0.99802,True,False
1d,USDCAD,EURUSD,7,0.023371,1.14261,0.99802,True,False
1d,USDJPY,EURUSD,11,-0.023063,1.12755,0.99802,True,False
1d,AUDUSD,USDJPY,6,0.023057,1.29445,1.13462,True,False
1d,AUDJPY,USDJPY,9,0.02305,1.29408,1.13462,True,False
1d,EURCHF,EURUSD,4,-0.022921,1.1206,0.99802,True,False
1d,AUDUSD,EURUSD,6,-0.022848,1.11703,0.99802,True,False
1d,NZDUSD,USDJPY,5,0.022533,1.26504,1.13462,True,False
1d,USDCHF,USDJPY,8,0.022243,1.24872,1.13462,True,False
1d,EURCHF,USDJPY,6,0.022214,1.2471,1.13462,True,False
1d,AUDJPY,EURUSD,9,-0.022049,1.07798,0.99802,True,False
1d,USDCAD,USDJPY,7,-0.021909,1.22999,1.13462,True,False
1d,EURCHF,USDJPY,12,-0.021718,1.21927,1.13462,True,False
1d,EURCHF,USDJPY,4,0.021709,1.21879,1.13462,True,False
1d,GBPJPY,EURUSD,7,-0.021698,1.06081,0.99802,True,False
1d,USDCHF,EURUSD,10,0.021635,1.05777,0.99802,True,False
1d,EURJPY,USDJPY,10,-0.021608,1.21307,1.13462,True,False
1d,AUDUSD,USDJPY,3,-0.021448,1.20409,1.13462,True,False
1d,NZDUSD,EURUSD,9,-0.021048,1.02906,0.99802,True,False
1d,GBPJPY,USDJPY,2,0.020888,1.17267,1.13462,True,False
