horizon,lead,lagging,lag,rho,rho_without_shock,share_of_rho_from_the_shock,survives,survives_without_shock
1h,EURCHF,USDCHF,12,0.076791,-0.001749,0.9772,True,False
1h,USDCHF,EURCHF,12,0.073996,-0.004192,0.9433,True,False
1h,EURCHF,USDCHF,6,-0.073656,-0.007648,0.8962,True,False
1h,USDCHF,EURCHF,6,-0.067254,-0.004021,0.9402,True,False
1h,EURCHF,USDCHF,1,-0.060222,-0.038449,0.3615,True,True
1h,USDCHF,EURCHF,1,-0.051565,-0.034923,0.3227,True,True
1h,EURCHF,USDCHF,7,0.04578,0.011356,0.7519,True,False
1h,USDCHF,EURCHF,7,0.034941,-0.004946,0.8584,True,False
1h,EURCHF,USDCAD,3,0.031591,0.004834,0.847,True,False
1h,GBPJPY,EURGBP,6,0.028774,0.028591,0.0064,True,True
1h,GBPJPY,EURJPY,5,-0.028363,-0.028746,-0.0135,True,True
1h,USDCHF,EURCHF,10,0.027892,0.003316,0.8811,True,False
1h,EURJPY,GBPJPY,5,-0.027184,-0.027469,-0.0105,True,True
1h,USDCHF,USDCAD,3,0.026895,0.004871,0.8189,True,False
1h,EURCHF,USDCHF,10,0.026598,-0.003869,0.8545,True,False
1h,GBPJPY,GBPUSD,5,-0.025627,-0.025762,-0.0053,True,True
1h,GBPUSD,GBPJPY,5,-0.023284,-0.023165,0.0051,True,True
1h,AUDUSD,EURCHF,9,-0.022826,-0.006598,0.7109,True,False
1h,EURCHF,NZDUSD,3,-0.022662,-0.005241,0.7687,True,False
1h,GBPJPY,GBPUSD,6,-0.021898,-0.022099,-0.0092,True,True
1h,EURJPY,EURGBP,12,-0.021537,-0.021226,0.0144,True,True
1h,EURJPY,GBPUSD,5,-0.020967,-0.021382,-0.0198,True,True
1h,USDJPY,EURGBP,6,0.020501,0.020177,0.0158,True,True
1h,EURGBP,GBPUSD,6,0.020273,0.020101,0.0085,True,True
1h,EURCHF,USDCHF,2,0.020235,-0.002486,0.8771,True,False
1h,AUDJPY,EURCHF,9,-0.020039,-0.003529,0.8239,True,False
1h,EURGBP,GBPJPY,6,0.019962,0.019883,0.004,True,True
1h,GBPUSD,EURJPY,5,-0.019747,-0.019773,-0.0013,True,True
1h,EURCHF,AUDUSD,3,-0.019531,-0.005159,0.7359,True,False
1h,EURUSD,GBPJPY,12,0.018919,0.018729,0.01,True,True
1h,GBPUSD,USDJPY,12,0.018748,0.018721,0.0014,True,True
1h,EURCHF,AUDJPY,3,-0.018142,-0.004178,0.7697,True,False
1h,GBPUSD,EURGBP,4,-0.018035,-0.017894,0.0078,True,True
1h,NZDUSD,USDCAD,12,0.017864,0.01806,-0.011,True,True
1h,EURCHF,USDCHF,5,-0.017539,0.001044,0.9405,True,False
1h,AUDUSD,EURGBP,4,-0.017501,-0.017575,-0.0042,True,True
1h,EURJPY,GBPJPY,1,0.017434,0.017151,0.0162,True,True
1h,EURUSD,EURGBP,12,-0.017306,-0.016945,0.0209,True,True
1h,USDJPY,GBPJPY,5,-0.017154,-0.017454,-0.0175,True,True
1h,AUDJPY,EURGBP,4,-0.017057,-0.017356,-0.0175,True,True
1h,GBPUSD,GBPJPY,12,0.017055,0.017044,0.0006,True,True
1h,USDCHF,AUDJPY,3,-0.016996,-0.00575,0.6617,True,False
1h,GBPJPY,EURGBP,12,-0.016914,-0.016962,-0.0028,True,True
1h,GBPJPY,EURGBP,4,-0.016907,-0.017047,-0.0083,True,True
1h,GBPJPY,AUDJPY,5,-0.016884,-0.017152,-0.0159,True,True
1h,EURJPY,AUDJPY,5,-0.016842,-0.017208,-0.0217,True,True
1h,EURJPY,EURGBP,1,-0.016734,-0.017243,-0.0304,True,True
1h,GBPJPY,EURUSD,5,-0.016613,-0.017003,-0.0235,True,True
1h,EURCHF,EURGBP,5,0.016388,0.01168,0.2873,True,False
1h,AUDJPY,GBPJPY,1,0.016136,0.015959,0.011,True,True
1h,NZDUSD,AUDUSD,12,-0.016112,-0.016091,0.0013,True,True
1h,AUDJPY,EURCHF,5,-0.016112,-0.017571,-0.0906,True,True
1h,EURJPY,EURGBP,6,0.015973,0.015802,0.0107,True,True
1h,AUDJPY,EURJPY,5,-0.015919,-0.016298,-0.0238,True,True
1h,EURJPY,GBPUSD,1,0.015872,0.016117,-0.0154,True,True
1h,USDCHF,USDJPY,2,0.015535,0.013143,0.154,True,True
1h,EURGBP,GBPJPY,5,0.015528,0.015393,0.0087,True,True
1h,GBPJPY,EURJPY,1,0.015426,0.015189,0.0154,True,True
1h,AUDJPY,EURGBP,6,0.015068,0.014853,0.0143,True,True
1h,EURCHF,EURJPY,7,-0.015052,-0.015438,-0.0256,True,True
1h,USDJPY,EURJPY,5,-0.015038,-0.015494,-0.0303,True,True
1h,USDJPY,GBPJPY,1,0.014994,0.015062,-0.0045,True,True
1h,EURJPY,EURGBP,4,-0.014933,-0.015362,-0.0287,True,True
1h,EURUSD,USDJPY,12,0.014879,0.014482,0.0267,True,True
1h,USDCHF,EURCHF,2,0.014862,-0.009279,0.3757,True,False
1h,GBPUSD,EURGBP,6,0.014791,0.014873,-0.0055,True,True
1h,EURUSD,EURGBP,4,-0.014768,-0.014913,-0.0098,True,True
1h,USDJPY,GBPJPY,6,-0.014728,-0.014833,-0.0071,True,True
1h,EURCHF,USDCAD,4,-0.014631,-0.000847,0.9421,True,False
1h,GBPJPY,USDJPY,5,-0.014627,-0.014665,-0.0026,True,True
1h,EURCHF,EURUSD,3,-0.014595,-0.008771,0.399,True,False
1h,AUDUSD,USDJPY,12,0.014532,0.014073,0.0316,True,True
1h,USDJPY,AUDJPY,5,-0.014455,-0.014944,-0.0338,True,True
1h,USDCHF,NZDUSD,3,-0.014423,0.000358,0.9752,True,False
1h,EURJPY,EURCHF,5,-0.014351,-0.019057,-0.3279,True,True
1h,USDCHF,AUDUSD,3,-0.014309,-0.001845,0.8711,True,False
1h,GBPJPY,USDCHF,12,0.014246,0.01543,-0.0831,True,True
1h,EURJPY,EURUSD,5,-0.014221,-0.015226,-0.0707,True,True
1h,AUDJPY,EURGBP,1,-0.014161,-0.014773,-0.0432,True,True
1h,AUDJPY,AUDUSD,1,-0.014107,-0.0137,0.0289,True,True
1h,NZDUSD,USDJPY,12,0.013908,0.013488,0.0302,True,True
1h,USDJPY,GBPUSD,5,-0.013888,-0.014195,-0.0221,True,True
1h,AUDJPY,USDCAD,12,0.013755,0.014847,-0.0794,True,True
1h,AUDJPY,GBPJPY,5,-0.013742,-0.013793,-0.0037,True,True
1h,EURJPY,GBPJPY,8,0.013718,0.01358,0.0101,True,True
1h,GBPJPY,EURCHF,1,0.013716,0.017174,-0.2521,True,True
1h,EURCHF,EURJPY,3,-0.013645,-0.007327,0.463,True,False
1h,EURGBP,EURJPY,1,-0.013492,-0.014088,-0.0442,True,True
1h,GBPUSD,GBPJPY,6,-0.013478,-0.013666,-0.0139,True,True
1h,GBPJPY,EURGBP,5,0.013477,0.013252,0.0167,True,True
1h,USDJPY,GBPUSD,6,-0.013384,-0.013513,-0.0096,True,True
1h,AUDJPY,NZDUSD,12,-0.013325,-0.014221,-0.0672,True,True
1h,EURCHF,USDJPY,2,0.013307,0.010377,0.2202,True,False
1h,AUDUSD,AUDJPY,1,-0.013129,-0.013152,-0.0018,True,True
1h,EURGBP,USDCAD,2,0.012977,0.012089,0.0684,True,True
1h,NZDUSD,EURGBP,4,-0.012967,-0.013077,-0.0085,True,True
1h,EURCHF,EURJPY,1,0.012941,0.002632,0.7966,True,False
1h,GBPUSD,EURGBP,12,-0.01294,-0.013008,-0.0053,True,True
1h,EURCHF,EURUSD,6,0.01293,0.005551,0.5707,True,False
1h,AUDJPY,EURCHF,1,0.012907,0.018112,-0.4033,True,True
1h,AUDUSD,USDCAD,12,0.01285,0.013789,-0.0731,True,True
1h,EURUSD,EURJPY,11,-0.012836,-0.013118,-0.022,True,True
1h,EURJPY,EURGBP,8,-0.012798,-0.012659,0.0109,True,True
1h,GBPJPY,EURCHF,5,-0.012742,-0.015594,-0.2238,True,True
1h,USDCHF,EURGBP,1,0.012716,0.006445,0.4932,True,False
1h,EURGBP,EURJPY,5,0.012702,0.012288,0.0326,True,True
1h,USDCAD,USDJPY,12,-0.012649,-0.011898,0.0594,True,False
1h,AUDJPY,GBPUSD,1,0.012591,0.012776,-0.0147,True,True
1h,EURGBP,GBPUSD,5,0.01251,0.012222,0.023,True,True
1h,EURCHF,EURUSD,7,-0.0125,-0.016,-0.28,True,True
1h,AUDJPY,GBPJPY,8,0.01243,0.012391,0.0031,True,True
1h,USDJPY,GBPUSD,1,0.012415,0.012736,-0.0259,True,True
1h,AUDUSD,NZDUSD,1,-0.012393,-0.012714,-0.0259,True,True
1h,EURJPY,USDJPY,5,-0.012292,-0.012213,0.0064,True,True
1h,EURJPY,GBPJPY,12,0.012282,0.012097,0.0151,True,False
1h,USDCHF,EURJPY,1,0.012261,0.00476,0.6118,True,False
1h,USDCHF,USDCAD,4,-0.012177,-0.001282,0.8947,True,False
1h,AUDJPY,NZDUSD,1,-0.012092,-0.012234,-0.0117,True,True
1h,AUDJPY,EURCHF,4,-0.012055,-0.010267,0.1483,True,False
1h,EURUSD,GBPUSD,7,-0.012051,-0.012152,-0.0084,True,False
1h,EURUSD,GBPJPY,5,-0.012015,-0.012017,-0.0002,True,False
1h,AUDUSD,GBPUSD,4,0.012012,0.012151,-0.0116,True,True
1h,EURCHF,USDJPY,4,-0.011778,-0.005319,0.5484,True,False
1h,USDCAD,GBPJPY,1,-0.011727,-0.011185,0.0462,True,False
1h,GBPUSD,EURGBP,1,0.011682,0.011465,0.0186,True,False
4h,USDCHF,EURCHF,7,0.09479,0.00499,0.9474,True,False
4h,EURCHF,USDCHF,1,-0.077655,-0.006861,0.9116,True,False
4h,EURCHF,USDCHF,2,0.069603,0.000726,0.9896,True,False
4h,USDCHF,EURCHF,1,-0.064614,-0.003973,0.9385,True,False
4h,EURCHF,USDCHF,7,0.060317,-0.004987,0.9173,True,False
4h,USDCHF,EURCHF,2,0.052026,-0.00828,0.8408,True,False
4h,GBPJPY,EURJPY,1,-0.048367,-0.049287,-0.019,True,True
4h,AUDJPY,EURCHF,10,0.042186,0.025766,0.3892,True,False
4h,USDCHF,EURCHF,3,0.042075,0.005234,0.8756,True,False
4h,EURJPY,EURCHF,10,0.041057,0.021713,0.4711,True,False
4h,EURCHF,EURUSD,8,-0.039156,-0.019855,0.4929,True,False
4h,USDCAD,GBPUSD,5,-0.038123,-0.03753,0.0156,True,True
4h,USDJPY,NZDUSD,10,-0.037125,-0.035947,0.0317,True,True
4h,GBPJPY,EURCHF,10,0.037054,0.01924,0.4808,True,False
4h,USDJPY,EURCHF,10,0.035663,0.018121,0.4919,True,False
4h,AUDJPY,EURJPY,1,-0.034825,-0.035172,-0.01,True,True
4h,EURCHF,USDCHF,3,0.034176,-0.011978,0.6495,True,False
4h,GBPUSD,EURJPY,1,-0.033406,-0.033181,0.0067,True,True
4h,USDJPY,GBPUSD,12,0.033253,0.033289,-0.0011,False,False
4h,USDCAD,USDCHF,11,0.033184,0.023668,0.2868,True,False
4h,USDCHF,EURCHF,8,-0.032651,-0.006869,0.7896,True,False
4h,USDJPY,USDCHF,10,0.032438,0.016389,0.4948,True,False
4h,GBPUSD,EURGBP,12,0.030698,0.031063,-0.0119,False,False
4h,NZDUSD,AUDUSD,6,-0.030433,-0.03057,-0.0045,True,False
4h,GBPUSD,EURUSD,1,-0.030305,-0.02949,0.0269,True,True
4h,AUDJPY,EURCHF,1,-0.030187,-0.026371,0.1264,True,False
4h,GBPJPY,EURUSD,1,-0.03009,-0.030782,-0.023,True,True
4h,USDCAD,USDCHF,5,0.030061,0.033576,-0.1169,True,True
4h,USDCHF,NZDUSD,12,0.029826,0.029443,0.0128,False,False
4h,AUDUSD,USDCHF,5,-0.029561,-0.027648,0.0647,True,False
4h,EURJPY,GBPJPY,1,-0.02954,-0.030053,-0.0174,True,True
4h,EURJPY,EURUSD,1,-0.029105,-0.030946,-0.0633,True,True
4h,EURUSD,EURGBP,12,0.028972,0.027814,0.04,False,False
4h,AUDUSD,EURGBP,1,-0.028856,-0.028488,0.0128,True,True
4h,USDCAD,EURUSD,5,-0.028772,-0.028398,0.013,True,False
4h,EURCHF,EURUSD,7,0.02866,5.8e-05,0.998,False,False
4h,EURUSD,EURGBP,9,-0.02817,-0.027979,0.0068,False,False
4h,NZDUSD,GBPUSD,5,0.02814,0.02832,-0.0064,False,False
4h,USDCHF,GBPUSD,12,0.02809,0.027664,0.0152,False,False
4h,USDCHF,AUDUSD,12,0.02783,0.027979,-0.0054,False,False
1d,USDCAD,USDCHF,1,0.083994,0.099934,-0.1898,True,True
1d,EURCHF,EURUSD,5,0.104483,0.053699,0.4861,True,False
1d,USDCHF,EURUSD,5,0.083678,0.038739,0.537,True,False
1d,USDCHF,EURCHF,7,-0.080077,-0.015096,0.8115,True,False
1d,USDCAD,EURUSD,1,-0.073117,-0.073408,-0.004,False,False
1d,USDCAD,GBPUSD,1,-0.071305,-0.071225,0.0011,False,False
1d,GBPJPY,AUDUSD,8,-0.070565,-0.070216,0.0049,False,False
1d,EURCHF,USDCHF,2,-0.069325,-0.014916,0.7848,False,False
1d,EURUSD,NZDUSD,4,0.068257,0.065497,0.0404,False,False
1d,GBPUSD,AUDUSD,6,-0.067169,-0.066883,0.0043,False,False
1d,USDCHF,NZDUSD,3,0.065747,0.051034,0.2238,False,False
1d,EURJPY,EURGBP,10,-0.064799,-0.063328,0.0227,False,False
1d,USDCHF,EURUSD,6,0.063932,0.043334,0.3222,False,False
1d,AUDJPY,AUDUSD,8,-0.062988,-0.062535,0.0072,False,False
1d,EURJPY,EURGBP,4,-0.062592,-0.060218,0.0379,False,False
1d,GBPJPY,AUDJPY,8,-0.061944,-0.062805,-0.0139,False,False
1d,USDCHF,EURCHF,2,-0.061794,0.020749,0.6642,False,False
1d,NZDUSD,GBPJPY,12,-0.061495,-0.060402,0.0178,False,False
1d,EURCHF,EURGBP,5,0.059619,0.024929,0.5819,False,False
1d,GBPUSD,USDJPY,12,-0.059517,-0.057374,0.036,False,False
1d,USDJPY,AUDUSD,8,-0.059137,-0.059293,-0.0026,False,False
1d,USDCAD,EURJPY,4,0.05909,0.060324,-0.0209,False,False
1d,EURCHF,USDCHF,7,-0.057853,-0.00229,0.9604,False,False
1d,EURJPY,AUDJPY,8,-0.057709,-0.060602,-0.0501,False,False
1d,NZDUSD,EURJPY,12,-0.05769,-0.057847,-0.0027,False,False
1d,USDCHF,AUDUSD,5,0.056422,0.047378,0.1603,False,False
1d,USDCAD,EURGBP,3,-0.056236,-0.055074,0.0207,False,False
1d,EURJPY,AUDUSD,8,-0.05618,-0.056797,-0.011,False,False
1d,USDCHF,USDCAD,3,-0.055454,-0.029917,0.4605,False,False
1d,USDCAD,USDJPY,11,-0.055189,-0.053753,0.026,False,False
1d,GBPJPY,EURCHF,11,-0.054725,-0.057365,-0.0482,False,False
1d,USDCAD,USDJPY,4,0.053873,0.052947,0.0172,False,False
1d,GBPJPY,USDJPY,6,0.053171,0.051356,0.0341,False,False
1d,GBPUSD,EURJPY,12,-0.053116,-0.053935,-0.0154,False,False
1d,EURCHF,EURJPY,5,0.052977,0.018014,0.66,False,False
1d,USDJPY,AUDJPY,8,-0.05166,-0.053593,-0.0374,False,False
1d,NZDUSD,EURGBP,11,0.05101,0.055301,-0.0841,False,False
1d,EURJPY,USDJPY,6,0.051001,0.048551,0.048,False,False
1d,USDCHF,NZDUSD,5,0.050935,0.0444,0.1283,False,False
1d,EURCHF,NZDUSD,9,0.050317,0.018038,0.6415,False,False
1d,AUDUSD,EURJPY,11,0.050291,0.052785,-0.0496,False,False
1d,USDCHF,AUDUSD,6,0.050141,0.032573,0.3504,False,False
1d,AUDUSD,USDCHF,1,-0.049609,-0.06966,-0.4042,False,False
1d,EURCHF,USDCAD,4,-0.049511,0.01499,0.6972,False,False
1d,USDJPY,GBPUSD,10,0.049389,0.050032,-0.013,False,False
1d,EURUSD,EURJPY,10,-0.048878,-0.046935,0.0398,False,False
1d,AUDUSD,USDCHF,9,0.048726,0.035287,0.2758,False,False
1d,GBPUSD,USDJPY,6,0.048725,0.048195,0.0109,False,False
1d,EURJPY,GBPUSD,4,0.048495,0.048831,-0.0069,False,False
1d,AUDUSD,USDJPY,4,-0.048478,-0.045514,0.0611,False,False
1d,USDJPY,EURCHF,12,0.047818,0.04956,-0.0364,False,False
1d,EURCHF,USDCAD,3,-0.047628,-0.008693,0.8175,False,False
1d,AUDJPY,GBPJPY,2,0.047398,0.046662,0.0155,False,False
1d,USDCAD,EURJPY,11,-0.047048,-0.04928,-0.0474,False,False
1d,EURUSD,EURJPY,12,-0.046958,-0.046592,0.0078,False,False
1d,EURUSD,USDJPY,12,-0.046749,-0.045367,0.0296,False,False
1d,EURCHF,EURJPY,7,-0.04636,-0.030595,0.3401,False,False
1d,USDJPY,EURCHF,11,-0.046267,-0.049686,-0.0739,False,False
1d,USDCHF,EURJPY,5,0.04624,0.020285,0.5613,False,False
1d,EURGBP,AUDJPY,4,0.046122,0.044846,0.0277,False,False
1d,EURGBP,USDCHF,9,-0.046109,-0.027814,0.3968,False,False
1d,AUDJPY,GBPUSD,4,0.045627,0.046788,-0.0254,False,False
1d,EURCHF,EURJPY,11,0.045602,0.029061,0.3627,False,False
1d,GBPUSD,GBPJPY,12,-0.045519,-0.044064,0.032,False,False
1d,GBPUSD,USDCHF,1,-0.045435,-0.044427,0.0222,False,False
1d,GBPUSD,USDCHF,9,0.045351,0.020252,0.5534,False,False
1d,EURGBP,GBPJPY,11,0.04521,0.045066,0.0032,False,False
1d,EURGBP,EURJPY,1,-0.044966,-0.045374,-0.0091,False,False
1d,GBPUSD,EURUSD,6,-0.044328,-0.044296,0.0007,False,False
1d,EURCHF,USDCHF,9,-0.044318,-0.043169,0.0259,False,False
1d,EURGBP,AUDJPY,2,-0.0442,-0.043915,0.0064,False,False
1d,USDCAD,AUDJPY,2,-0.044165,-0.044155,0.0002,False,False
1d,EURJPY,GBPJPY,6,0.043854,0.041014,0.0648,False,False
1d,USDJPY,AUDJPY,12,0.043846,0.04289,0.0218,False,False
1d,GBPUSD,USDCAD,6,0.043815,0.044268,-0.0103,False,False
1d,EURUSD,EURJPY,11,0.043777,0.040516,0.0745,False,False
1d,NZDUSD,GBPUSD,11,-0.043367,-0.043531,-0.0038,False,False
1d,EURGBP,GBPJPY,1,-0.043185,-0.042951,0.0054,False,False
1d,USDJPY,EURJPY,11,-0.042779,-0.041986,0.0185,False,False
1d,EURGBP,EURJPY,2,-0.042723,-0.043414,-0.0162,False,False
1d,EURUSD,USDJPY,6,0.042305,0.041301,0.0237,False,False
1d,NZDUSD,USDJPY,12,-0.041918,-0.041576,0.0082,False,False
1d,AUDUSD,USDJPY,11,0.041781,0.041881,-0.0024,False,False
1d,NZDUSD,USDJPY,11,0.041758,0.043165,-0.0337,False,False
1d,AUDJPY,GBPUSD,11,-0.041421,-0.040506,0.0221,False,False
1d,EURCHF,EURUSD,7,-0.041024,-0.043073,-0.0499,False,False
1d,AUDJPY,GBPJPY,6,0.040852,0.039962,0.0218,False,False
1d,USDCHF,USDJPY,4,0.040846,0.031829,0.2208,False,False
1d,USDCAD,GBPUSD,8,-0.040612,-0.039549,0.0262,False,False
1d,GBPJPY,GBPUSD,11,-0.040521,-0.039885,0.0157,False,False
1d,EURCHF,EURJPY,10,-0.040342,-0.021785,0.46,False,False
1d,EURCHF,EURUSD,9,0.040232,0.027457,0.3175,False,False
1d,AUDJPY,EURUSD,3,0.040108,0.038362,0.0435,False,False
1d,NZDUSD,AUDJPY,1,-0.040097,-0.042141,-0.051,False,False
1d,NZDUSD,EURJPY,11,0.039821,0.044504,-0.1176,False,False
1d,EURGBP,GBPJPY,2,-0.039655,-0.039813,-0.004,False,False
1d,EURUSD,AUDJPY,1,-0.039581,-0.038081,0.0379,False,False
1d,EURGBP,GBPJPY,4,0.039499,0.039171,0.0083,False,False
1d,EURCHF,EURUSD,11,0.039416,0.041029,-0.0409,False,False
1d,USDJPY,GBPJPY,4,0.039353,0.037842,0.0384,False,False
1d,EURUSD,AUDJPY,7,-0.03901,-0.038701,0.0079,False,False
1d,EURJPY,GBPUSD,10,0.038986,0.039006,-0.0005,False,False
1d,EURCHF,GBPUSD,5,0.038836,0.024693,0.3642,False,False
1d,EURGBP,EURJPY,10,-0.038754,-0.040615,-0.048,False,False
1d,EURCHF,EURJPY,6,0.038681,-0.019669,0.4915,False,False
1d,USDJPY,AUDJPY,6,0.038633,0.034294,0.1123,False,False
1d,EURGBP,USDJPY,9,-0.038552,-0.037169,0.0359,False,False
1d,USDCAD,GBPUSD,11,0.038521,0.038132,0.0101,False,False
1d,AUDUSD,EURUSD,9,-0.038414,-0.037297,0.0291,False,False
1d,GBPUSD,AUDJPY,12,-0.038295,-0.038252,0.0011,False,False
1d,USDJPY,EURJPY,12,0.038161,0.037277,0.0232,False,False
1d,USDCAD,GBPJPY,2,-0.038123,-0.038562,-0.0115,False,False
1d,USDCAD,USDJPY,1,0.038114,0.037813,0.0079,False,False
1d,GBPUSD,USDJPY,4,-0.038076,-0.038147,-0.0019,False,False
1d,USDCHF,EURJPY,6,0.037987,-0.003204,0.9157,False,False
1d,AUDJPY,EURUSD,1,0.037919,0.036613,0.0344,False,False
1d,NZDUSD,GBPUSD,7,-0.037818,-0.038601,-0.0207,False,False
1d,GBPUSD,AUDJPY,2,0.037723,0.037229,0.0131,False,False
1d,AUDJPY,USDJPY,3,-0.037542,-0.037206,0.0089,False,False
1d,EURUSD,USDJPY,11,0.037497,0.036278,0.0325,False,False
1d,EURCHF,USDJPY,5,-0.037486,-0.028424,0.2417,False,False
1d,EURJPY,GBPJPY,4,0.037376,0.035523,0.0496,False,False
1d,NZDUSD,USDJPY,4,-0.037277,-0.033911,0.0903,False,False
1d,USDCHF,GBPUSD,5,0.037198,0.024198,0.3495,False,False
1d,EURJPY,AUDJPY,7,-0.037192,-0.036678,0.0138,False,False
1d,USDCAD,USDJPY,12,0.03718,0.034993,0.0588,False,False
1d,EURJPY,GBPJPY,3,-0.036944,-0.033633,0.0896,False,False
1d,USDCAD,GBPJPY,4,0.036781,0.036555,0.0061,False,False
1d,NZDUSD,USDJPY,6,0.036745,0.039128,-0.0649,False,False
1d,GBPJPY,GBPUSD,1,0.036487,0.036554,-0.0018,False,False
1d,EURJPY,USDJPY,1,-0.036325,-0.033377,0.0812,False,False
1d,EURGBP,USDJPY,1,-0.036109,-0.035105,0.0278,False,False
1d,GBPUSD,AUDJPY,7,-0.03605,-0.035246,0.0223,False,False
1d,EURJPY,AUDJPY,3,-0.036047,-0.033385,0.0738,False,False
1d,AUDUSD,EURUSD,1,0.035935,0.03621,-0.0077,False,False
1d,EURCHF,GBPJPY,7,-0.035888,-0.015109,0.579,False,False
1d,NZDUSD,EURJPY,4,-0.035126,-0.034467,0.0188,False,False
1d,GBPUSD,AUDJPY,9,0.035075,0.03555,-0.0135,False,False
1d,AUDUSD,GBPJPY,2,0.034981,0.035882,-0.0258,False,False
1d,EURUSD,AUDJPY,12,-0.034825,-0.035974,-0.033,False,False
1d,USDCAD,EURJPY,12,0.034539,0.035788,-0.0362,False,False
1d,AUDUSD,AUDJPY,1,-0.034504,-0.03567,-0.0338,False,False
1d,NZDUSD,GBPJPY,4,-0.03448,-0.032257,0.0645,False,False
1d,AUDUSD,EURJPY,4,-0.03442,-0.03119,0.0938,False,False
1d,EURGBP,EURJPY,11,0.034398,0.032589,0.0526,False,False
1d,EURUSD,GBPJPY,12,-0.03433,-0.033842,0.0142,False,False
1d,USDCAD,GBPJPY,12,0.034294,0.032427,0.0544,False,False
1d,EURGBP,EURUSD,10,-0.034251,-0.033817,0.0127,False,False
1d,USDJPY,GBPJPY,11,-0.03417,-0.032355,0.0531,False,False
1d,USDJPY,GBPJPY,6,0.034097,0.03161,0.0729,False,False
1d,GBPUSD,GBPJPY,4,-0.033962,-0.034201,-0.007,False,False
1d,NZDUSD,GBPUSD,12,-0.033758,-0.033077,0.0202,False,False
1d,EURGBP,AUDJPY,1,-0.033378,-0.032287,0.0327,False,False
1d,GBPJPY,AUDJPY,7,-0.033332,-0.032393,0.0282,False,False
1d,EURJPY,AUDJPY,6,0.033257,0.026913,0.1908,False,False
1d,EURCHF,EURJPY,12,-0.033244,-0.031069,0.0654,False,False
1d,AUDJPY,USDJPY,6,0.03319,0.03278,0.0124,False,False
1d,GBPJPY,AUDJPY,2,0.032871,0.032079,0.0241,False,False
1d,GBPUSD,AUDJPY,5,-0.03283,-0.033515,-0.0209,False,False
1d,EURCHF,GBPUSD,9,0.032779,0.036968,-0.1278,False,False
1d,USDCHF,EURUSD,9,0.032619,0.018768,0.4246,False,False
1d,EURJPY,EURUSD,6,-0.032612,-0.037109,-0.1379,False,False
1d,AUDUSD,GBPUSD,7,-0.032577,-0.03351,-0.0286,False,False
1d,NZDUSD,EURUSD,6,-0.032548,-0.030523,0.0622,False,False
1d,AUDJPY,USDJPY,2,0.032457,0.032204,0.0078,False,False
1d,AUDUSD,USDJPY,2,0.032252,0.03297,-0.0223,False,False
1d,EURCHF,GBPUSD,7,-0.032198,-0.024554,0.2374,False,False
1d,USDCHF,EURJPY,9,0.031948,0.01641,0.4864,False,False
1d,USDCHF,AUDJPY,6,0.031681,-0.001926,0.9392,False,False
1d,EURCHF,AUDJPY,6,0.031547,-0.015557,0.5069,False,False
1d,GBPUSD,EURJPY,4,-0.031487,-0.031069,0.0133,False,False
1d,EURJPY,GBPUSD,1,0.031477,0.031051,0.0135,False,False
1d,GBPUSD,EURUSD,7,-0.03106,-0.031334,-0.0088,False,False
1d,EURUSD,USDJPY,1,-0.030847,-0.028582,0.0734,False,False
1d,GBPJPY,EURJPY,6,0.03055,0.027856,0.0882,False,False
1d,AUDUSD,GBPUSD,11,-0.030081,-0.030786,-0.0234,False,False
1d,GBPJPY,EURJPY,2,0.029985,0.029161,0.0275,False,False
1d,USDCHF,AUDJPY,5,0.029807,0.032014,-0.074,False,False
1d,EURGBP,GBPUSD,4,0.029471,0.028901,0.0193,False,False
1d,EURCHF,AUDJPY,4,0.029343,0.000446,0.9848,False,False
1d,EURGBP,AUDJPY,9,-0.029266,-0.030571,-0.0446,False,False
1d,NZDUSD,AUDJPY,12,-0.028907,-0.029611,-0.0244,False,False
1d,NZDUSD,GBPUSD,8,0.0288,0.0271,0.059,False,False
1d,AUDJPY,GBPUSD,1,0.028625,0.028813,-0.0066,False,False
1d,AUDJPY,USDJPY,1,-0.028592,-0.029367,-0.0271,False,False
1d,USDJPY,GBPUSD,4,0.02849,0.029382,-0.0313,False,False
1d,EURGBP,USDJPY,2,-0.02839,-0.027942,0.0158,False,False
1d,GBPJPY,GBPUSD,10,0.028312,0.028406,-0.0033,False,False
1d,USDCAD,USDJPY,2,-0.028274,-0.028637,-0.0128,False,False
1d,GBPJPY,EURJPY,11,-0.028239,-0.02865,-0.0146,False,False
1d,AUDUSD,EURJPY,10,-0.028028,-0.024769,0.1163,False,False
1d,EURGBP,USDJPY,11,0.028025,0.027819,0.0074,False,False
1d,NZDUSD,EURJPY,2,0.027614,0.02677,0.0306,False,False
1d,USDCAD,EURUSD,10,-0.027588,-0.025152,0.0883,False,False
1d,EURCHF,EURJPY,9,0.027363,0.006209,0.7731,False,False
1d,EURUSD,USDJPY,4,-0.027322,-0.027259,0.0023,False,False
1d,USDJPY,EURJPY,6,0.027303,0.024293,0.1102,False,False
1d,AUDJPY,USDJPY,4,-0.027283,-0.026944,0.0124,False,False
1d,GBPUSD,EURJPY,7,-0.027082,-0.027955,-0.0322,False,False
1d,NZDUSD,EURUSD,7,-0.027056,-0.027155,-0.0037,False,False
1d,AUDUSD,USDJPY,12,-0.026738,-0.025884,0.0319,False,False
1d,AUDJPY,USDJPY,10,-0.026643,-0.024296,0.0881,False,False
1d,USDCAD,EURUSD,6,0.026246,0.02653,-0.0108,False,False
1d,USDCHF,EURUSD,11,0.026243,0.022788,0.1317,False,False
1d,USDCHF,USDJPY,5,-0.026137,-0.013129,0.4977,False,False
1d,AUDJPY,EURJPY,2,0.025999,0.025693,0.0118,False,False
1d,NZDUSD,USDJPY,3,-0.025967,-0.028332,-0.0911,False,False
1d,USDCAD,EURUSD,3,-0.025593,-0.024042,0.0606,False,False
1d,EURJPY,USDJPY,3,-0.025547,-0.021934,0.1414,False,False
1d,GBPJPY,EURUSD,6,-0.025467,-0.02683,-0.0535,False,False
1d,EURGBP,USDJPY,12,0.025423,0.02424,0.0465,False,False
1d,NZDUSD,USDJPY,10,-0.024987,-0.024948,0.0016,False,False
1d,USDCAD,USDJPY,8,0.024977,0.022826,0.0861,False,False
1d,USDJPY,EURUSD,10,0.024944,0.026641,-0.068,False,False
1d,NZDUSD,EURUSD,5,-0.02484,-0.01998,0.1957,False,False
1d,USDJPY,EURUSD,3,0.024743,0.022614,0.086,False,False
1d,EURCHF,USDJPY,10,-0.024719,-0.015243,0.3833,False,False
1d,AUDUSD,USDJPY,9,0.024695,0.022157,0.1028,False,False
1d,USDCAD,USDJPY,6,-0.024379,-0.026055,-0.0687,False,False
1d,AUDUSD,USDJPY,1,-0.024349,-0.026173,-0.0749,False,False
1d,GBPJPY,USDJPY,12,-0.024145,-0.023283,0.0357,False,False
1d,USDCHF,EURUSD,4,-0.023884,-0.011656,0.512,False,False
1d,USDCHF,EURUSD,3,0.023868,0.017602,0.2625,False,False
1d,AUDUSD,EURUSD,3,0.0236,0.023485,0.0049,False,False
1d,USDCAD,EURUSD,7,0.023371,0.02304,0.0142,False,False
1d,USDJPY,EURUSD,11,-0.023063,-0.021902,0.0503,False,False
1d,AUDUSD,USDJPY,6,0.023057,0.024172,-0.0484,False,False
1d,AUDJPY,USDJPY,9,0.02305,0.022257,0.0344,False,False
1d,EURCHF,EURUSD,4,-0.022921,-0.008216,0.6416,False,False
1d,AUDUSD,EURUSD,6,-0.022848,-0.023118,-0.0118,False,False
1d,NZDUSD,USDJPY,5,0.022533,0.021086,0.0642,False,False
1d,USDCHF,USDJPY,8,0.022243,0.011407,0.4872,False,False
1d,EURCHF,USDJPY,6,0.022214,0.002536,0.8858,False,False
1d,AUDJPY,EURUSD,9,-0.022049,-0.024654,-0.1181,False,False
1d,USDCAD,USDJPY,7,-0.021909,-0.019875,0.0928,False,False
1d,EURCHF,USDJPY,12,-0.021718,-0.030385,-0.3991,False,False
1d,EURCHF,USDJPY,4,0.021709,0.005901,0.7282,False,False
1d,GBPJPY,EURUSD,7,-0.021698,-0.025693,-0.1841,False,False
1d,USDCHF,EURUSD,10,0.021635,0.040225,-0.8593,False,False
1d,EURJPY,USDJPY,10,-0.021608,-0.019114,0.1154,False,False
1d,AUDUSD,USDJPY,3,-0.021448,-0.023348,-0.0886,False,False
1d,NZDUSD,EURUSD,9,-0.021048,-0.021292,-0.0116,False,False
1d,GBPJPY,USDJPY,2,0.020888,0.01967,0.0583,False,False
