pair,year,median_spread_pips_in_band,hours_in_band,median_spread_pips_uncontrolled
AUDJPY,2005,2.8789,778,2.8865
AUDJPY,2006,2.8789,779,2.8865
AUDJPY,2007,3.0021,2602,2.9036
AUDJPY,2008,3.0343,3086,3.059
AUDJPY,2009,2.5615,3267,2.6578
AUDJPY,2010,2.1122,3523,2.174
AUDJPY,2011,1.8008,3596,1.8819
AUDJPY,2012,1.4552,3070,1.5131
AUDJPY,2013,1.5589,4212,1.5728
AUDJPY,2014,0.9979,3238,1.008
AUDJPY,2015,1.2705,4537,1.2847
AUDJPY,2016,1.102,4519,1.1032
AUDJPY,2017,0.8206,4341,0.826
AUDJPY,2018,0.5785,3993,0.5895
AUDJPY,2019,0.4714,3497,0.4865
AUDJPY,2020,0.4756,3751,0.4905
AUDJPY,2021,0.4991,3558,0.5165
AUDJPY,2022,0.9295,3743,0.9713
AUDJPY,2023,0.8508,3857,0.8833
AUDJPY,2024,0.8014,3655,0.8179
AUDJPY,2025,0.9201,752,0.944
AUDUSD,2005,,,
AUDUSD,2006,,,
AUDUSD,2007,,,
AUDUSD,2008,,,
AUDUSD,2009,,,
AUDUSD,2010,,,
AUDUSD,2011,1.4094,3352,1.5007
AUDUSD,2012,1.1775,2864,1.2414
AUDUSD,2013,1.1699,1905,1.1777
AUDUSD,2014,0.727,1284,0.7423
AUDUSD,2015,1.0171,2727,1.0337
AUDUSD,2016,0.9595,3093,0.9761
AUDUSD,2017,0.8332,2053,0.8547
AUDUSD,2018,0.8752,2022,0.8983
AUDUSD,2019,0.9253,1810,0.9321
AUDUSD,2020,0.9937,2616,0.9926
AUDUSD,2021,0.996,2006,1.0085
AUDUSD,2022,1.2194,3730,1.2295
AUDUSD,2023,1.1056,2244,1.0644
AUDUSD,2024,0.9702,1454,0.96
AUDUSD,2025,0.9968,325,1.0048
EURCHF,2005,1.9403,519,1.8936
EURCHF,2006,1.8601,520,1.8946
EURCHF,2007,1.85,1939,1.9336
EURCHF,2008,2.2579,2504,2.5524
EURCHF,2009,2.0119,2654,2.4124
EURCHF,2010,1.6766,2069,1.9495
EURCHF,2011,2.0252,3438,2.3805
EURCHF,2012,1.4226,339,1.4325
EURCHF,2013,1.3992,1418,1.5472
EURCHF,2014,0.9833,391,1.0895
EURCHF,2015,1.4342,2430,1.6939
EURCHF,2016,1.0587,2931,1.1684
EURCHF,2017,1.053,1949,1.0906
EURCHF,2018,1.0948,2779,1.1925
EURCHF,2019,0.9309,2868,0.9991
EURCHF,2020,0.8726,2645,0.9704
EURCHF,2021,0.8962,1461,0.9611
EURCHF,2022,1.3823,3341,1.4434
EURCHF,2023,1.1145,1718,1.1132
EURCHF,2024,1.0178,1668,0.998
EURCHF,2025,1.1095,512,1.1674
EURGBP,2005,,0,1.313
EURGBP,2006,,0,1.3132
EURGBP,2007,1.2685,2354,1.3369
EURGBP,2008,1.558,2664,1.734
EURGBP,2009,1.5639,3354,1.8206
EURGBP,2010,1.3678,3170,1.5433
EURGBP,2011,1.2833,3478,1.4255
EURGBP,2012,1.0326,2249,1.1775
EURGBP,2013,1.0604,2003,1.1239
EURGBP,2014,0.7993,1471,0.7969
EURGBP,2015,0.8333,3123,0.8821
EURGBP,2016,0.9109,3614,0.9578
EURGBP,2017,0.8011,3719,0.868
EURGBP,2018,0.8099,3542,0.8907
EURGBP,2019,0.8107,2967,0.8909
EURGBP,2020,0.8377,3351,0.9202
EURGBP,2021,0.7356,2237,0.787
EURGBP,2022,1.0791,3435,1.1212
EURGBP,2023,0.9302,2181,0.9715
EURGBP,2024,0.7855,1866,0.7811
EURGBP,2025,0.8089,498,0.835
EURJPY,2005,1.8466,259,2.0774
EURJPY,2006,1.8467,260,2.0769
EURJPY,2007,1.9064,2815,2.0459
EURJPY,2008,2.1509,3410,2.1536
EURJPY,2009,2.0017,4229,2.0966
EURJPY,2010,1.8418,3690,1.8644
EURJPY,2011,1.6683,4326,1.741
EURJPY,2012,1.3621,3533,1.4321
EURJPY,2013,1.1817,4261,1.1386
EURJPY,2014,0.6433,3446,0.6471
EURJPY,2015,0.7652,5019,0.7811
EURJPY,2016,0.6808,4316,0.6759
EURJPY,2017,0.5198,5428,0.5303
EURJPY,2018,0.601,5594,0.6124
EURJPY,2019,0.5796,4459,0.5845
EURJPY,2020,0.5648,3992,0.5795
EURJPY,2021,0.5298,3637,0.5442
EURJPY,2022,1.0305,3229,1.1386
EURJPY,2023,1.1627,3807,1.1788
EURJPY,2024,1.0703,3529,1.1205
EURJPY,2025,1.2654,486,1.2845
EURUSD,2005,1.2753,1038,1.2736
EURUSD,2006,1.277,874,1.2736
EURUSD,2007,1.0766,2394,1.2863
EURUSD,2008,1.071,4454,1.2527
EURUSD,2009,1.0499,1687,1.0817
EURUSD,2010,0.9436,203,0.9189
EURUSD,2011,0.8113,3997,0.8856
EURUSD,2012,0.7923,3501,0.8074
EURUSD,2013,0.3414,2531,0.3461
EURUSD,2014,0.2563,2189,0.2569
EURUSD,2015,0.2666,3368,0.2838
EURUSD,2016,0.2288,3252,0.2451
EURUSD,2017,0.2617,3416,0.2876
EURUSD,2018,0.3016,4044,0.315
EURUSD,2019,0.2783,3462,0.2876
EURUSD,2020,0.2949,3456,0.3102
EURUSD,2021,0.2664,2017,0.2861
EURUSD,2022,0.4416,3484,0.4485
EURUSD,2023,0.2715,3274,0.2877
EURUSD,2024,0.2159,2464,0.2263
EURUSD,2025,0.4309,556,0.4363
GBPJPY,2005,3.8044,259,3.8588
GBPJPY,2006,3.8044,260,3.8591
GBPJPY,2007,4.3741,2694,4.1794
GBPJPY,2008,4.425,3074,4.608
GBPJPY,2009,3.3863,3699,3.634
GBPJPY,2010,2.8534,3674,2.8876
GBPJPY,2011,2.3808,4049,2.5014
GBPJPY,2012,1.9205,3229,1.9791
GBPJPY,2013,1.8826,4439,1.9509
GBPJPY,2014,1.282,3767,1.3748
GBPJPY,2015,1.808,4659,1.8434
GBPJPY,2016,1.7856,4062,1.7762
GBPJPY,2017,1.3219,5034,1.343
GBPJPY,2018,1.359,4949,1.3753
GBPJPY,2019,1.5525,3901,1.6048
GBPJPY,2020,1.5067,3938,1.5646
GBPJPY,2021,1.3679,3863,1.4089
GBPJPY,2022,2.3172,3562,2.4075
GBPJPY,2023,2.106,3817,2.186
GBPJPY,2024,2.0077,3924,2.0794
GBPJPY,2025,2.3193,662,2.3583
GBPUSD,2005,1.684,259,1.7742
GBPUSD,2006,1.6839,260,1.7741
GBPUSD,2007,1.7716,2101,1.8352
GBPUSD,2008,1.8942,2541,2.2223
GBPUSD,2009,1.7049,3091,1.891
GBPUSD,2010,1.7211,2875,1.8291
GBPUSD,2011,1.5158,3916,1.6837
GBPUSD,2012,1.347,2692,1.489
GBPUSD,2013,0.7889,2390,0.9027
GBPUSD,2014,0.8212,2144,0.9051
GBPUSD,2015,0.8593,3367,0.9519
GBPUSD,2016,0.9695,3513,1.0432
GBPUSD,2017,0.6935,3645,0.7515
GBPUSD,2018,0.7902,3876,0.8292
GBPUSD,2019,0.936,3130,0.9911
GBPUSD,2020,0.8992,3482,0.9796
GBPUSD,2021,0.7314,2685,0.7832
GBPUSD,2022,1.007,3584,1.0693
GBPUSD,2023,0.9184,3652,0.973
GBPUSD,2024,0.7863,2903,0.7997
GBPUSD,2025,0.8885,627,0.9138
NZDUSD,2005,,0,3.7749
NZDUSD,2006,,0,3.7729
NZDUSD,2007,3.6893,949,3.7687
NZDUSD,2008,3.7543,664,3.7881
NZDUSD,2009,2.3981,295,2.9545
NZDUSD,2010,2.2515,490,2.2817
NZDUSD,2011,1.9099,1389,2.1163
NZDUSD,2012,1.4864,2270,1.533
NZDUSD,2013,1.74,1049,1.626
NZDUSD,2014,1.308,981,1.1955
NZDUSD,2015,1.2316,1794,1.2609
NZDUSD,2016,1.0901,3165,1.1661
NZDUSD,2017,0.8671,1750,0.8701
NZDUSD,2018,0.8999,1571,0.9236
NZDUSD,2019,0.9823,1515,1.0083
NZDUSD,2020,1.1437,1981,1.1409
NZDUSD,2021,1.0939,1479,1.1237
NZDUSD,2022,1.3646,3434,1.3775
NZDUSD,2023,1.1629,2216,1.1505
NZDUSD,2024,1.0269,1213,1.0131
NZDUSD,2025,1.0583,247,1.0635
USDCAD,2005,,0,2.1786
USDCAD,2006,,0,2.178
USDCAD,2007,2.1855,1276,2.2383
USDCAD,2008,2.3714,946,2.992
USDCAD,2009,2.308,1290,3.088
USDCAD,2010,1.8335,1636,2.033
USDCAD,2011,1.4713,1970,1.6497
USDCAD,2012,1.186,2044,1.2268
USDCAD,2013,1.1102,475,1.1576
USDCAD,2014,0.8427,613,0.8795
USDCAD,2015,1.0248,2581,1.1261
USDCAD,2016,1.0212,3541,1.0435
USDCAD,2017,0.7863,3193,0.8291
USDCAD,2018,0.9442,2886,0.9743
USDCAD,2019,1.072,2760,1.1086
USDCAD,2020,1.0965,3085,1.1308
USDCAD,2021,1.0587,2063,1.0921
USDCAD,2022,1.3622,3589,1.4225
USDCAD,2023,1.2293,2300,1.2486
USDCAD,2024,1.1609,2354,1.1849
USDCAD,2025,1.3384,625,1.3813
USDCHF,2005,1.7441,259,1.8169
USDCHF,2006,1.7439,260,1.8171
USDCHF,2007,1.5509,2180,1.8061
USDCHF,2008,1.8745,2695,2.2525
USDCHF,2009,1.7531,2822,2.0649
USDCHF,2010,1.4693,2389,1.6424
USDCHF,2011,1.5709,3018,1.8018
USDCHF,2012,1.1816,2690,1.3269
USDCHF,2013,1.1769,1881,1.2451
USDCHF,2014,0.8605,1349,0.9587
USDCHF,2015,1.3046,2131,1.5318
USDCHF,2016,1.0675,2649,1.1461
USDCHF,2017,0.9583,2018,1.033
USDCHF,2018,1.0312,2075,1.0978
USDCHF,2019,0.8947,1741,0.9775
USDCHF,2020,0.8629,2004,0.8987
USDCHF,2021,0.8747,1223,0.912
USDCHF,2022,1.3205,3195,1.3034
USDCHF,2023,0.9967,1904,0.9974
USDCHF,2024,0.8951,1613,0.9007
USDCHF,2025,0.9462,353,0.9677
USDJPY,2005,1.6831,259,1.6058
USDJPY,2006,1.6831,260,1.6059
USDJPY,2007,1.3648,2467,1.4785
USDJPY,2008,1.2424,3117,1.2842
USDJPY,2009,1.0821,2681,1.1656
USDJPY,2010,0.9358,2060,0.9549
USDJPY,2011,1.1261,820,1.1134
USDJPY,2012,0.6802,576,0.7089
USDJPY,2013,0.5759,2595,0.5563
USDJPY,2014,0.3324,1673,0.3099
USDJPY,2015,0.3487,2939,0.3575
USDJPY,2016,0.367,3708,0.3838
USDJPY,2017,0.2822,3349,0.2936
USDJPY,2018,0.3044,2753,0.3044
USDJPY,2019,0.254,2745,0.2582
USDJPY,2020,0.2886,2410,0.2901
USDJPY,2021,0.31,1556,0.3066
USDJPY,2022,0.7096,3727,0.7092
USDJPY,2023,0.587,3988,0.6188
USDJPY,2024,0.6075,4022,0.6283
USDJPY,2025,0.7547,759,0.7667
